{"loss": 9, "_timestamp": 1693824480.070802, "_runtime": 1.4073760509490967, "_step": 9, "_wandb": {"runtime": 0}}